cod_pais,pais,materia,grado,tema,tema_descripcion,parametro,ERCE_nivel_1,ERCE_nivel_2,ERCE_nivel_3,ERCE_nivel_4,ERCE_puntaje_promedio,TERCE_nivel_1,TERCE_nivel_2,TERCE_nivel_3,TERCE_nivel_4,TERCE_puntaje_promedio
ar,Argentina,Ciencias,6,General_país,0,Todos,0.44,0.42,0.12,0.02,681.81,0.40,0.39,0.15,0.06,699.16
ar,Argentina,Lectura,3,General_país,0,Todos,0.46,0.18,0.22,0.14,688.51,0.38,0.23,0.27,0.12,701.88
ar,Argentina,Lectura,6,General_país,0,Todos,0.22,0.46,0.16,0.16,697.64,0.17,0.51,0.17,0.15,706.70
ar,Argentina,Matemáticas,3,General_país,0,Todos,0.49,0.24,0.22,0.05,689.73,0.39,0.26,0.27,0.08,713.54
ar,Argentina,Matemáticas,6,General_país,0,Todos,0.50,0.37,0.11,0.02,689.74,0.37,0.42,0.16,0.05,717.76
br,Brasil,Ciencias,6,General_país,0,Todos,0.32,0.42,0.17,0.08,718.46,0.37,0.43,0.15,0.05,701.38
br,Brasil,Lectura,3,General_país,0,Todos,0.28,0.15,0.27,0.30,747.75,0.34,0.22,0.32,0.13,712.09
br,Brasil,Lectura,6,General_país,0,Todos,0.13,0.44,0.19,0.25,734.44,0.11,0.52,0.20,0.17,721.40
br,Brasil,Matemáticas,3,General_país,0,Todos,0.31,0.22,0.29,0.18,743.78,0.37,0.24,0.27,0.12,724.88
br,Brasil,Matemáticas,6,General_país,0,Todos,0.35,0.36,0.19,0.09,732.98,0.40,0.43,0.13,0.04,710.20
cl,Chile,Ciencias,6,General_país,0,Todos,,,,,,0.23,0.35,0.25,0.18,759.18
cl,Chile,Lectura,3,General_país,0,Todos,,,,,,0.10,0.14,0.36,0.40,789.50
cl,Chile,Lectura,6,General_país,0,Todos,,,,,,0.05,0.37,0.24,0.34,770.01
cl,Chile,Matemáticas,3,General_país,0,Todos,,,,,,0.15,0.23,0.39,0.22,778.46
cl,Chile,Matemáticas,6,General_país,0,Todos,,,,,,0.16,0.39,0.26,0.18,784.00
co,Colombia,Ciencias,6,General_país,0,Todos,0.33,0.46,0.16,0.05,710.66,0.28,0.43,0.22,0.08,729.88
co,Colombia,Lectura,3,General_país,0,Todos,0.36,0.20,0.26,0.17,715.57,0.32,0.23,0.32,0.13,714.17
co,Colombia,Lectura,6,General_país,0,Todos,0.16,0.47,0.18,0.20,719.31,0.10,0.52,0.21,0.18,725.65
co,Colombia,Matemáticas,3,General_país,0,Todos,0.44,0.29,0.22,0.06,704.84,0.48,0.28,0.20,0.05,696.47
co,Colombia,Matemáticas,6,General_país,0,Todos,0.42,0.41,0.13,0.03,706.80,0.42,0.42,0.12,0.03,705.91
cr,Costa Rica,Ciencias,6,General_país,0,Todos,0.14,0.47,0.28,0.11,757.65,0.19,0.45,0.25,0.11,749.41
cr,Costa Rica,Lectura,3,General_país,0,Todos,0.25,0.18,0.30,0.27,747.56,0.18,0.22,0.39,0.21,748.36
cr,Costa Rica,Lectura,6,General_país,0,Todos,0.07,0.39,0.23,0.31,757.26,0.04,0.46,0.27,0.23,750.66
cr,Costa Rica,Matemáticas,3,General_país,0,Todos,0.33,0.29,0.29,0.09,725.16,0.23,0.31,0.37,0.09,745.34
cr,Costa Rica,Matemáticas,6,General_país,0,Todos,0.32,0.47,0.17,0.03,725.99,0.30,0.49,0.17,0.04,727.92
cu,Cuba,Ciencias,6,General_país,0,Todos,0.17,0.34,0.24,0.24,779.13,,,,,
cu,Cuba,Lectura,3,General_país,0,Todos,0.30,0.20,0.28,0.21,730.49,,,,,
cu,Cuba,Lectura,6,General_país,0,Todos,0.12,0.44,0.19,0.26,737.93,,,,,
cu,Cuba,Matemáticas,3,General_país,0,Todos,0.25,0.27,0.32,0.16,750.55,,,,,
cu,Cuba,Matemáticas,6,General_país,0,Todos,0.53,0.26,0.14,0.06,689.01,,,,,
do,República Dominicana,Ciencias,6,General_país,0,Todos,0.60,0.34,0.05,0.01,649.21,0.65,0.31,0.04,0.01,642.96
do,República Dominicana,Lectura,3,General_país,0,Todos,0.73,0.12,0.11,0.04,623.93,0.74,0.15,0.09,0.02,622.38
do,República Dominicana,Lectura,6,General_país,0,Todos,0.41,0.43,0.09,0.07,643.95,0.38,0.54,0.06,0.02,637.48
do,República Dominicana,Matemáticas,3,General_país,0,Todos,0.80,0.13,0.06,0.00,623.90,0.85,0.10,0.04,0.01,612.73
do,República Dominicana,Matemáticas,6,General_país,0,Todos,0.77,0.21,0.02,0.00,635.88,0.80,0.18,0.01,0.00,630.45
ec,Ecuador,Ciencias,6,General_país,0,Todos,0.31,0.43,0.19,0.07,720.12,0.38,0.42,0.16,0.04,700.77
ec,Ecuador,Lectura,3,General_país,0,Todos,0.42,0.20,0.25,0.13,699.02,0.38,0.24,0.28,0.10,699.46
ec,Ecuador,Lectura,6,General_país,0,Todos,0.26,0.48,0.14,0.12,684.25,0.21,0.56,0.13,0.10,686.24
ec,Ecuador,Matemáticas,3,General_país,0,Todos,0.43,0.26,0.23,0.08,709.22,0.48,0.27,0.21,0.05,698.12
ec,Ecuador,Matemáticas,6,General_país,0,Todos,0.38,0.39,0.17,0.06,719.80,0.45,0.41,0.11,0.03,699.09
gt,Guatemala,Ciencias,6,General_país,0,Todos,0.55,0.36,0.08,0.02,660.77,0.44,0.41,0.12,0.03,686.64
gt,Guatemala,Lectura,3,General_país,0,Todos,0.61,0.16,0.16,0.07,655.56,0.46,0.24,0.23,0.07,681.41
gt,Guatemala,Lectura,6,General_país,0,Todos,0.39,0.45,0.09,0.07,645.27,0.20,0.60,0.12,0.07,679.57
gt,Guatemala,Matemáticas,3,General_país,0,Todos,0.65,0.22,0.11,0.01,661.87,0.60,0.22,0.14,0.04,676.68
gt,Guatemala,Matemáticas,6,General_país,0,Todos,0.66,0.27,0.06,0.01,657.28,0.56,0.35,0.07,0.02,676.11
hn,Honduras,Ciencias,6,General_país,0,Todos,0.49,0.39,0.09,0.03,674.01,0.50,0.38,0.10,0.02,673.72
hn,Honduras,Lectura,3,General_país,0,Todos,0.53,0.19,0.19,0.09,674.54,0.46,0.25,0.23,0.07,683.15
hn,Honduras,Lectura,6,General_país,0,Todos,0.31,0.53,0.10,0.06,661.25,0.25,0.59,0.11,0.05,666.91
hn,Honduras,Matemáticas,3,General_país,0,Todos,0.47,0.25,0.20,0.08,701.94,0.56,0.25,0.16,0.04,682.79
hn,Honduras,Matemáticas,6,General_país,0,Todos,0.55,0.34,0.09,0.02,682.35,0.62,0.31,0.05,0.01,665.70
mx,México,Ciencias,6,General_país,0,Todos,0.26,0.47,0.22,0.06,726.06,0.27,0.43,0.23,0.07,728.42
mx,México,Lectura,3,General_país,0,Todos,0.37,0.20,0.25,0.17,713.14,0.33,0.23,0.28,0.16,717.69
mx,México,Lectura,6,General_país,0,Todos,0.15,0.43,0.19,0.23,725.56,0.10,0.48,0.21,0.21,731.94
mx,México,Matemáticas,3,General_país,0,Todos,0.35,0.26,0.30,0.09,722.27,0.30,0.25,0.33,0.12,737.20
mx,México,Matemáticas,6,General_país,0,Todos,0.24,0.38,0.26,0.12,757.94,0.23,0.40,0.23,0.14,761.30
ni,Nicaragua,Ciencias,6,General_país,0,Todos,0.49,0.45,0.05,0.00,669.35,0.50,0.40,0.09,0.02,672.63
ni,Nicaragua,Lectura,3,General_país,0,Todos,0.64,0.19,0.14,0.03,645.89,0.56,0.24,0.16,0.04,659.61
ni,Nicaragua,Lectura,6,General_país,0,Todos,0.31,0.56,0.09,0.04,654.14,0.26,0.60,0.10,0.04,662.66
ni,Nicaragua,Matemáticas,3,General_país,0,Todos,0.65,0.23,0.10,0.02,662.50,0.68,0.20,0.10,0.02,658.18
ni,Nicaragua,Matemáticas,6,General_país,0,Todos,0.66,0.31,0.03,0.00,663.22,0.71,0.26,0.03,0.00,648.34
pa,Panamá,Ciencias,6,General_país,0,Todos,0.49,0.40,0.10,0.02,672.03,0.49,0.36,0.12,0.03,678.54
pa,Panamá,Lectura,3,General_país,0,Todos,0.59,0.17,0.17,0.08,659.12,0.49,0.23,0.21,0.06,672.17
pa,Panamá,Lectura,6,General_país,0,Todos,0.37,0.45,0.10,0.07,651.62,0.26,0.53,0.14,0.07,673.25
pa,Panamá,Matemáticas,3,General_país,0,Todos,0.68,0.22,0.09,0.01,654.03,0.60,0.24,0.14,0.02,668.45
pa,Panamá,Matemáticas,6,General_país,0,Todos,0.72,0.24,0.03,0.00,644.61,0.68,0.28,0.03,0.01,650.43
pe,Perú,Ciencias,6,General_país,0,Todos,0.26,0.49,0.20,0.05,723.00,0.38,0.42,0.15,0.05,701.07
pe,Perú,Lectura,3,General_país,0,Todos,0.24,0.16,0.29,0.31,753.08,0.32,0.21,0.31,0.16,718.01
pe,Perú,Lectura,6,General_país,0,Todos,0.14,0.37,0.19,0.30,741.22,0.18,0.50,0.18,0.13,701.53
pe,Perú,Matemáticas,3,General_país,0,Todos,0.29,0.24,0.32,0.15,740.29,0.40,0.25,0.26,0.09,715.46
pe,Perú,Matemáticas,6,General_país,0,Todos,0.25,0.36,0.26,0.13,759.30,0.38,0.40,0.15,0.07,718.70
py,Paraguay,Ciencias,6,General_país,0,Todos,0.55,0.35,0.08,0.02,657.48,0.59,0.31,0.07,0.02,653.94
py,Paraguay,Lectura,3,General_país,0,Todos,0.51,0.18,0.20,0.11,675.25,0.57,0.20,0.16,0.07,655.74
py,Paraguay,Lectura,6,General_país,0,Todos,0.35,0.47,0.11,0.08,657.16,0.34,0.50,0.10,0.06,653.40
py,Paraguay,Matemáticas,3,General_país,0,Todos,0.62,0.20,0.14,0.05,665.75,0.67,0.17,0.13,0.04,654.27
py,Paraguay,Matemáticas,6,General_país,0,Todos,0.69,0.25,0.05,0.01,647.36,0.69,0.25,0.05,0.01,645.42
sv,El Salvador,Ciencias,6,General_país,0,Todos,0.34,0.47,0.15,0.04,705.13,,,,,
sv,El Salvador,Lectura,3,General_país,0,Todos,0.44,0.19,0.23,0.14,696.76,,,,,
sv,El Salvador,Lectura,6,General_país,0,Todos,0.20,0.51,0.15,0.14,698.77,,,,,
sv,El Salvador,Matemáticas,3,General_país,0,Todos,0.50,0.28,0.19,0.03,690.57,,,,,
sv,El Salvador,Matemáticas,6,General_país,0,Todos,0.58,0.35,0.07,0.01,675.89,,,,,
uy,Uruguay,Ciencias,6,General_país,0,Todos,0.28,0.40,0.20,0.11,731.44,0.33,0.38,0.20,0.10,722.54
uy,Uruguay,Lectura,3,General_país,0,Todos,0.36,0.17,0.25,0.23,722.73,0.29,0.23,0.31,0.17,724.39
uy,Uruguay,Lectura,6,General_país,0,Todos,0.15,0.42,0.17,0.27,734.05,0.11,0.45,0.21,0.22,732.57
uy,Uruguay,Matemáticas,3,General_país,0,Todos,0.37,0.24,0.26,0.12,721.87,0.32,0.23,0.32,0.14,737.41
uy,Uruguay,Matemáticas,6,General_país,0,Todos,0.25,0.37,0.24,0.14,759.47,0.26,0.36,0.24,0.13,758.13